CD_MUNICIPIO,NR_VOTAVEL,NM_VOTAVEL,votos,n_locais,r_lula22
61778,13,MARCIO PEREIRA BATISTA,2887,25,0.13127257501421769
61778,55,LUIS ANTONIO DE CAMARGO,47913,25,-0.1312725750142183
61905,10,VICTOR RODRIGUES LEITE,1209,8,-0.299797325117393
61905,15,FELIPE GEFERSON SEME AMED,6435,8,0.2997973251173925
62138,10,JOSE ROBERTO PITERI,90523,58,0.4602341948963391
62138,15,FABIO LUIZ DA SILVA RHORMENS,16676,58,-0.4607146536938887
62138,44,GILBERTO MACEDO GIL ARANTES,74619,58,-0.06032914813912079
62138,50,SABRINA NABUCO DE OLIVEIRA,5459,58,-0.4342335848040866
62316,13,GERALDO MASÉLIO DOS SANTOS,329,9,-0.06326901087441926
62316,20,REINALDO PEREIRA JUNIOR,5858,9,0.16877604460427195
62316,22,CARLOS ALBERTO TAINO JUNIOR,11397,9,-0.2707041727145073
62316,28,JOAQUIM LOPES DA SILVA,348,9,0.6837785585291658
62812,22,GILMAR SOARES VICENTE,31002,25,-0.5492532366140579
62812,43,JOSIE CRISTINE ARANHA DARTORA,12335,25,0.6730698466781385
62812,55,ROBERTO HAMAMOTO,5989,25,-0.5570571283133892
62855,13,RAIMUNDO NONATO DANTAS DE OLIVEIRA,2246,20,-0.4310817668811222
62855,35,ANTONIO CARLOS DE AZEVEDO,733,20,-0.07692018983195384
62855,55,KAUAN BERTO SOUSA SANTOS,38193,20,0.29629773226544087
63134,13,SERGIO RIBEIRO SILVA,25876,61,0.4106115600001142
63134,33,EVALDO CLAUDINO DE ALMEIDA,2424,61,-0.11166132970811823
63134,36,EDUARDO EZEQUIEL ALVES DE PAULA,3109,61,0.13758797558747204
63134,50,AUSTRIQUILIANO LUCENA MARTINS,3265,61,-0.20698853156474026
63134,55,JOSE ROBERTO DA SILVA,141274,61,-0.3770523154764519
63614,12,WELINGTON APARECIDO ALFREDO,78331,79,0.42879067323369036
63614,25,DANILO SILVEIRA RAMOS,1237,78,-0.2158862198107977
63614,27,ADILSON EUGENIO DE LIMA,1823,79,-0.6468146461387986
63614,30,FERNANDO DA SILVA BREVIGLIERI,2725,77,-0.5873503470091795
63614,50,MARIA APARECIDA AIRES DA SILVA,2883,79,-0.5702877098074693
63614,55,ANGELA MARIA MALUF,47093,79,-0.1269344153399605
63770,10,GESIEL DUARTE DE OLIVEIRA,3131,83,-0.01643758666448595
63770,13,JOSÉ DE FILIPPI JUNIOR,98605,84,0.8793733615983229
63770,15,TAKAHARU YAMAUCHI,103465,84,-0.7954783948029055
63770,20,MARCIO PASCHOAL GIUDICIO,13487,83,-0.38504959538148775
64017,10,HUGO DO PRADO SANTOS,88411,63,0.15584808260123612
64017,13,ROSANGELA SILVA DOS SANTOS,52353,63,0.031570263822203626
64017,25,ANTONIO ODIMAR FORTUNATO CAVALCANTE LIMA,2156,63,-0.7801991718461381
64017,29,DAVID ORLANDI,172,54,-0.2079053829388584
64033,13,REINALDO FRANCO DE SOUZA,2409,15,0.5372317565998599
64033,15,ANDRÉ GEORGE NERES DE FARIAS,10578,15,0.3148940817787987
64033,29,JOSÉ MAURÍCIO FERREIRA,121,14,-0.5000769624785896
64033,30,ELDHER JHONNATA CALIXTO OLIVEIRA,727,15,-0.31211444191808985
64033,33,PAULO TADEU SILVA SCHUNCK HELFSTEIN,147,15,-0.866274500975801
64033,36,JULIO CESAR CARDOSO DA ROCHA,399,15,-0.8317044954073535
64033,44,JOSE ANTONIO PEREIRA,9870,15,0.09444755502067326
64033,50,CRISTIANE LUQUE,429,15,0.15641157716953671
64033,55,LISANDRO CASSIO DEODATO RIBEIRO,8798,15,-0.44370605439256566
64157,12,CLOVIS CAETANO DA SILVA,743,40,-0.4336766438705072
64157,20,PRISCILA CONCEIÇÃO GAMBALE VIEIRA MATOS,51101,41,0.42413649727035846
64157,22,JOSEPH RAFFOUL JUNIOR,35029,41,-0.2684825424298001
64157,40,JORGE ABISSAMRA,4818,41,-0.45293968030195814
64270,10,ILDO DA SILVA GUSMÃO,48505,32,0.06090126715007816
64270,15,GLEDSON DOUGLAS SIQUEIRA CAVALCANTE,29523,32,-0.057666871379936806
64270,50,JAQUELINE ALVES FREIRE DE CAMPOS,1617,32,-0.05942213708851756
64297,13,MARCUS BRANDINO CELEGUIM DE MORAIS,28837,33,0.714415645613283
64297,15,VALDIR JOSE DA SILVA,4798,33,-0.022458703156831038
64297,77,LORENA RODRIGUES DE OLIVEIRA,36141,33,-0.7448174036661248
64670,10,JESSIANE IARA DA SILVA,2181,12,0.32802203585112644
64670,12,LUIZ ALVES PEREIRA,563,12,-0.27594108736048795
64670,22,JOSÉ LUIZ EROLES FREIRE,13820,12,-0.11412254903471473
64670,40,JOAO AUGUSTO DA SILVA,866,12,-0.34076242328511946
64777,10,JORGE WILSON GONCALVES DE MATTOS,127484,246,-0.45966063393574125
64777,12,MÁRCIO MASSAMI NAKASHIMA,41546,244,-0.6875967437490916
64777,13,ALENCAR SANTANA BRAGA,61473,249,0.7126831184695241
64777,22,LUCAS SANCHES PROMESSIA,211130,245,-0.6225360759335438
64777,40,WALDOMIRO CARLOS RAMOS,3714,241,0.5113995529182346
64777,77,ELÓI ALFREDO PIETÁ,189602,248,0.6548749160864307
65455,10,JONES DONIZETTE SOBRINHO,26139,49,-0.1035445929421693
65455,13,LUCIANA BARBOSA DO NASCIMENTO,2777,49,0.5341570112539084
65455,22,FRANCISCO TADAO NAKANO,13155,49,-0.08046160866449031
65455,44,RAMON PIRES CORSINI,40858,49,0.16282383695537805
65455,50,ADRIANA MARIA MADEIRA ABELHÃO,1050,49,-0.3508859215013961
65455,55,JORGE JOSÉ DA COSTA,2243,49,-0.44601914118054714
65510,20,MARCOS FERREIRA GODOY,86857,57,0.14455665177321608
65510,40,CAMILA GODOI DA SILVA RODRIGUES,30974,57,-0.14455665177321592
65633,12,ADRIANA APARECIDA FELIX,3580,68,-0.10980086486746847
65633,13,FABIANO SOARES DOS SANTOS LIMA,8910,68,0.2350327287782325
65633,22,EDUARDO BOIGUES QUEROZ,163667,68,-0.0145389814292629
65633,77,ARMANDO TAVARES FILHO,2352,67,-0.209794485011111
66010,13,PAULO BURURU HENRIQUE BARJUD,4816,25,0.19919654597379277
66010,22,JOSENILDO RIBEIRO DE FREITAS,8221,25,0.10915281918110527
66010,44,PAULO FERNANDO BARUFI DA SLVA,11106,25,-0.2057557541101367
66010,55,HENRI HAJIME SATO,26505,25,0.11795597026689804
66257,13,THIAGO BUSCARIOLI COLARES,595,16,0.4515180998195762
66257,15,WILLIANS SOARES RODRIGUES,9151,16,0.03490177409237288
66257,22,EVELIN AGNES ABES,8302,16,-0.08966366698553438
66710,18,FLAVIO LUIS SOARES DE BARROS,607,33,-0.2972395726375248
66710,22,MANOEL RICARDO RUIZ,7859,33,0.30829659372842483
66710,43,MARCIO CAVALCANTI PAMPURI,1533,33,-0.10056773185437312
66710,55,WALID ALI HAMID,35316,33,-0.14524196982984594
66893,13,FRANCISCO MARCELO DE OLIVEIRA,93374,82,0.4596036528675905
66893,22,ANDERSON ALVES SIMÕES,21103,82,-0.7976094121032578
66893,44,ATILA CESAR MONTEIRO JACOMUSSI,73558,82,0.40183828619475415
66893,45,JOSE ROBERTO LOURENCINI,14032,82,-0.5424945315952384
66893,80,AMANDA OLIVEIRA BISPO,4815,82,-0.38927760772096454
67130,13,JORGE RODRIGO VALVERDE SANTANA,36519,114,0.5523480805617834
67130,20,CAIO CÉSAR MACHADO DA CUNHA,67820,114,-0.48844617373491533
67130,22,MARIA LUISA PICCOLOMINI BERTAIOLLI,111813,114,0.05307210442861447
67130,28,JOSE ROBERTO RODRIGUES JUNIOR,1124,106,0.23247200809518376
67130,33,SHEILA MANTOVANNI,1397,107,-0.3821512027912564
67890,13,EMIDIO PEREIRA DE SOUZA,56716,129,0.4026450885182297
67890,20,GERSON DIAS PESSOA,283961,129,-0.07988901250100205
67890,29,GLÓRIA GUILHERMINA BRAGA BRITO,1163,123,-0.422083739021144
67890,30,ELISSANDRO MARCIO SILVA LINDOSO,35199,129,-0.5715853954956628
68837,10,RAUL SILVEIRA BUENO JUNIOR,5224,5,-0.19787832486880633
68837,15,GREGORIO RODRIGUES PONTES MAGLIO,5675,5,0.20643883685856038
68837,33,GREGÓRIO MATIAS DE FREITAS,383,5,-0.24152833501538962
68837,35,MARCOS SERGIO DE SOUZA,138,5,0.23799775595277534
68977,11,SAULO DE OLIVEIRA SOUZA,20250,23,-0.07268501478391028
68977,18,FRANKLIN VALDEMAR DO NASCIMENTO,1065,23,-0.33210034229505603
68977,20,DIOGO REIS DA COSTA,16367,23,0.05505736971602308
68977,22,FLAVIA DE SOUZA VERDUGO,11698,23,-0.12249326078742004
68977,40,GERALDO GONÇALVES PIRES,3246,23,0.3451330083891252
68977,45,CARLOS SETSUO MUTOU,495,23,-0.03221806127830584
69671,11,GABRIEL EID RONCON,27164,37,0.2101902835400593
69671,13,RENATO FORESTO,3928,37,-0.0659111748865203
69671,22,LUIZ GUSTAVO PINHEIRO VOLPI,28909,37,-0.08331110514838203
69671,30,RICARDO ABÍLIO ROSSI CARDOSO,1875,37,-0.3789131659971793
69833,20,MARCELO AKIRA NAGASHIMA,4182,17,-0.3461748249560609
69833,27,AARAO EDMUNDO JARDIM TEIXEIRA,285,17,0.07869657519901796
69833,40,RICARDO AKIRA ONO AURIANI,17508,17,0.19621268492964744
69833,55,MARIA DA PENHA AGAZZI FUMAGALLI,3554,17,0.15050248832327723
70017,13,BENEDITO LÉLIS RENÓ,508,10,-0.23612615389185218
70017,20,RODOLFO RODRIGUES MARCONDES,5996,10,-0.11598048773405105
70017,22,BRUNA MARIA MELO MINGATOS LOURENÇO,3551,10,-0.5099894150013751
70017,55,BENEDITO RAFAEL DA SILVA,1335,10,0.6106303435298502
70017,77,JOSE CARLOS DE ALMEIDA,151,10,0.3383448490788401
70378,20,CARLOS AUGUSTO CHINCHILLA ALFONZO,16642,18,0.29249035390427586
70378,22,CLEBER VINICIUS KERCHNER,12432,18,-0.43158903651336694
70378,40,TERESINHA LOPES PEREIRA PENTEADO PEDROSO,897,18,0.35090718089543244
70378,50,UBIRACI EGIDIO DE CARVALHO,572,18,-0.03752563413032509
70475,10,ELVIS LEONARDO CEZAR,48221,24,-0.14284942550017404
70475,13,ARISTIDES OLIVEIRA RIBAS DE ANDRADE,1186,24,-0.7944247225827861
70475,22,LEANDRO FREDERICO MONTEIRO,2243,24,-0.8226770474066812
70475,55,SILVIO EDUARDO CONEGLIAM PECCIOLI,15630,24,0.5617320513243037
70572,13,ELISABETE TONOBOHN SIRAQUE,57177,153,0.47961119869481794
70572,22,LUIZ ZACARIAS DE ARAÚJO FILHO,40922,153,-0.25342852693105733
70572,29,CLENILZA PANATO,433,130,0.20720817212420767
70572,30,EDSON DE JESUS SARDANO,7045,150,-0.6608039488436723
70572,40,EDUARDO MARCHIORI LEITE DA SILVA,34994,151,0.23997874065216723
70572,45,GILVAN FERREIRA DE SOUZA JUNIOR,220119,153,0.11895484192596183
70750,13,LUIZ FERNANDO TEIXEIRA FERREIRA,96424,165,0.8116253953709816
70750,16,CLAUDIO DONIZETE DOS REIS,1507,160,-0.3708809579601237
70750,20,MARCELO DE LIMA FERNANDES,119589,165,0.6001515910683447
70750,23,ALEX SPINELLI MANENTE,110788,165,-0.8126197385544186
70750,44,FLÁVIA MORANDO SANTOS,89276,165,-0.5989133291851295
70777,13,JAIR ANTONIO MENEGUELLI,4058,28,0.04181736130641636
70777,20,FABIO CONSTANTINO PALACIO,26879,28,-0.5850459427409728
70777,22,ANACLETO CAMPANELLA JUNIOR,57603,28,0.4765185055501622
70777,33,MARIO SERGIO DOS SANTOS MALTA,397,28,-0.0044339533298024085
70777,50,RAFAEL FERRARI,7684,28,0.04667002729923283
71072,15,RICARDO LUIS REIS NUNES,1787912,2025,-0.30767192216778805
71072,16,ALTINO DE MELO PRAZERES JUNIOR,2988,1392,0.06806360455616471
71072,27,ALBERTO FELIPPE HADDAD FILHO,827,621,-0.04260647483134254
71072,28,PABLO HENRIQUE COSTA MARÇAL,1705686,2026,-0.5724555948074027
71072,29,JOÃO JORGE CAPRONI COSTA PIMENTA,948,672,-8.934982310608035e-05
71072,30,MARINA HELENA CUNHA PEREIRA SANTOS,83408,2018,-0.5716288625185091
71072,40,TABATA CLÁUDIA AMARAL DE PONTES,600734,2026,-0.30402570686131986
71072,45,JOSE LUIZ DATENA,111723,2019,0.1635964468973909
71072,50,GUILHERME CASTRO BOULOS,1764276,2027,0.8334390121280082
71072,80,RICARDO SENESE,5537,1718,0.0649975994722385
71510,20,GERICE REGO LIONE,16133,87,-0.0065839376244108535
71510,22,PEDRO CHARLES SHIRAKAWA ISHI,124205,87,-0.6121111936944188
71510,33,SERGIO LUIS DA SILVA,142,50,0.6972163357985229
71510,43,WALMIR PINTO,5353,87,0.3487639778724776
71510,50,CAIAN ZAMBOTTO,8866,87,0.5480858218121413
71579,20,JOSE APRIGIO DA SILVA,38896,58,-0.8719384274239673
71579,30,MARCOS DA SILVA COSTA,1654,58,-0.8364004220829653
71579,44,DANIEL PLANA BOGALHO,73479,58,0.8943563845721567
71579,45,FERNANDO FERNANDES FILHO,29892,58,0.09568974885702024
71579,50,NILZA APARECIDA FELIX,6086,58,-0.35314286516708493
72737,20,PITER APARECIDO DOS SANTOS,17908,21,0.7273737498672711
72737,22,LARISSA MAGALHÃES CANAVEZ SANTOS,12765,21,-0.731093704003159
72737,50,LEONARDO AUGUSTO ZAMPIERI,622,21,-0.5061193861559341
