CD_MUNICIPIO,NR_VOTAVEL_0,NR_VOTAVEL_1,NR_VOTAVEL_2,NM_VOTAVEL_0,NM_VOTAVEL_1,NM_VOTAVEL_2,share_0,share_1,share_2,r_lula22_0,r_lula22_1,r_lula22_2,triway
61778,13,55,,MARCIO PEREIRA BATISTA,LUIS ANTONIO DE CAMARGO,,0.056830708661417324,0.9431692913385826,,0.1312725750142176,-0.1312725750142183,,False
61905,15,10,,FELIPE GEFERSON SEME AMED,VICTOR RODRIGUES LEITE,,0.8461981566820277,0.15380184331797234,,0.2997973251173925,-0.299797325117393,,False
62138,10,44,,JOSE ROBERTO PITERI,GILBERTO MACEDO GIL ARANTES,,0.48387064824444115,0.39828653493784977,,0.4602341948963391,-0.0603291481391207,,False
62316,20,22,,REINALDO PEREIRA JUNIOR,CARLOS ALBERTO TAINO JUNIOR,,0.32667856346196744,0.6355677002007584,,0.1687760446042719,-0.2707041727145073,,False
62812,43,22,,JOSIE CRISTINE ARANHA DARTORA,GILMAR SOARES VICENTE,,0.25007095649353284,0.6285123464298747,,0.6730698466781385,-0.5492532366140579,,False
62855,55,13,,KAUAN BERTO SOUSA SANTOS,RAIMUNDO NONATO DANTAS DE OLIVEIRA,,0.928499703318271,0.05406453968688667,,0.2962977322654408,-0.4310817668811222,,False
63134,13,55,,SERGIO RIBEIRO SILVA,JOSE ROBERTO DA SILVA,,0.14706617864369018,0.8029304112578717,,0.4106115600001142,-0.3770523154764519,,False
63614,12,55,,WELINGTON APARECIDO ALFREDO,ANGELA MARIA MALUF,,0.5839761596884707,0.3515702798709888,,0.4287906732336903,-0.1269344153399605,,False
63770,13,,15,JOSÉ DE FILIPPI JUNIOR,,TAKAHARU YAMAUCHI,0.45088137591084443,,0.473911451635948,0.8793733615983229,,-0.7954783948029055,False
64017,10,13,,HUGO DO PRADO SANTOS,ROSANGELA SILVA DOS SANTOS,,0.6178612361278059,0.3658695105246974,,0.1558480826012361,0.0315702638222036,,False
64033,15,55,44,ANDRÉ GEORGE NERES DE FARIAS,LISANDRO CASSIO DEODATO RIBEIRO,JOSE ANTONIO PEREIRA,0.3142725915719371,0.2612240211275692,0.2980537375129177,0.3148940817787987,-0.4437060543925656,0.0944475550206732,True
64157,20,22,,PRISCILA CONCEIÇÃO GAMBALE VIEIRA MATOS,JOSEPH RAFFOUL JUNIOR,,0.5574609396265447,0.3819587348249769,,0.4241364972703584,-0.2684825424298001,,False
64270,10,15,,ILDO DA SILVA GUSMÃO,GLEDSON DOUGLAS SIQUEIRA CAVALCANTE,,0.6088464331321832,0.3708340636502491,,0.0609012671500781,-0.0576668713799368,,False
64297,13,77,,MARCUS BRANDINO CELEGUIM DE MORAIS,LORENA RODRIGUES DE OLIVEIRA,,0.41327963769777576,0.5179574638844302,,0.714415645613283,-0.7448174036661248,,False
64670,10,22,,JESSIANE IARA DA SILVA,JOSÉ LUIZ EROLES FREIRE,,0.1251290877796902,0.7928858290304074,,0.3280220358511264,-0.1141225490347147,,False
64777,77,22,10,ELÓI ALFREDO PIETÁ,LUCAS SANCHES PROMESSIA,JORGE WILSON GONCALVES DE MATTOS,0.29811545526272293,0.3324570184712204,0.2012343253467057,0.6548749160864307,-0.6225360759335438,-0.4596606339357412,True
65455,44,10,22,RAMON PIRES CORSINI,JONES DONIZETTE SOBRINHO,FRANCISCO TADAO NAKANO,0.4738697780148918,0.30315928649300644,0.15257126951358121,0.162823836955378,-0.1035445929421693,-0.0804616086644903,True
65510,40,,20,CAMILA GODOI DA SILVA RODRIGUES,,MARCOS FERREIRA GODOY,0.26277941725178927,,0.7372205827482107,-0.1445566517732159,,0.144556651773216,False
65633,13,22,,FABIANO SOARES DOS SANTOS LIMA,EDUARDO BOIGUES QUEROZ,,0.049875683739433116,0.9170396154483673,,0.2350327287782325,-0.0145389814292629,,False
66010,55,44,22,HENRI HAJIME SATO,PAULO FERNANDO BARUFI DA SLVA,JOSENILDO RIBEIRO DE FREITAS,0.5234605838553362,0.2191033368790135,0.16231335933498797,0.117955970266898,-0.2057557541101367,0.1091528191811052,True
66257,15,22,,WILLIANS SOARES RODRIGUES,EVELIN AGNES ABES,,0.5070367907801419,0.45999556737588654,,0.0349017740923728,-0.0896636669855343,,False
66710,22,55,,MANOEL RICARDO RUIZ,WALID ALI HAMID,,0.17343043142447312,0.7793445878848063,,0.3082965937284248,-0.1452419698298459,,False
66893,13,22,44,FRANCISCO MARCELO DE OLIVEIRA,ANDERSON ALVES SIMÕES,ATILA CESAR MONTEIRO JACOMUSSI,0.451339410871898,0.10200500768554055,0.35555534072563105,0.4596036528675905,-0.7976094121032578,0.4018382861947541,True
67130,13,20,22,JORGE RODRIGO VALVERDE SANTANA,CAIO CÉSAR MACHADO DA CUNHA,MARIA LUISA PICCOLOMINI BERTAIOLLI,0.16600150619388412,0.3114529359506834,0.5108026570342411,0.5523480805617834,-0.4884461737349153,0.0530721044286144,True
67890,13,20,,EMIDIO PEREIRA DE SOUZA,GERSON DIAS PESSOA,,0.1506859772148167,0.7528323541179691,,0.4026450885182297,-0.079889012501002,,False
68837,15,10,,GREGORIO RODRIGUES PONTES MAGLIO,RAUL SILVEIRA BUENO JUNIOR,,0.4969352014010508,0.4574430823117338,,0.2064388368585603,-0.1978783248688063,,False
68977,20,22,11,DIOGO REIS DA COSTA,FLAVIA DE SOUZA VERDUGO,SAULO DE OLIVEIRA SOUZA,0.31963173067981027,0.21775318515763042,0.37071824917077406,0.055057369716023,-0.12249326078742,-0.0726850147839102,True
69671,11,22,,GABRIEL EID RONCON,LUIZ GUSTAVO PINHEIRO VOLPI,,0.43900704635076604,0.4672086107699269,,0.2101902835400593,-0.083311105148382,,False
69833,40,20,55,RICARDO AKIRA ONO AURIANI,MARCELO AKIRA NAGASHIMA,MARIA DA PENHA AGAZZI FUMAGALLI,0.6858082964471777,0.163813702064319,0.13921422695757765,0.1962126849296474,-0.3461748249560609,0.1505024883232772,True
70017,55,22,20,BENEDITO RAFAEL DA SILVA,BRUNA MARIA MELO MINGATOS LOURENÇO,RODOLFO RODRIGUES MARCONDES,0.1156745515986483,0.3076856424919851,0.5195390347456893,0.6106303435298502,-0.5099894150013751,-0.115980487734051,True
70378,20,22,,CARLOS AUGUSTO CHINCHILLA ALFONZO,CLEBER VINICIUS KERCHNER,,0.544871165242445,0.4070327079854631,,0.2924903539042758,-0.4315890365133669,,False
70475,55,10,,SILVIO EDUARDO CONEGLIAM PECCIOLI,ELVIS LEONARDO CEZAR,,0.24218173188482228,0.7087332559856555,,0.5617320513243037,-0.142849425500174,,False
70572,13,22,45,ELISABETE TONOBOHN SIRAQUE,LUIZ ZACARIAS DE ARAÚJO FILHO,GILVAN FERREIRA DE SOUZA JUNIOR,0.15883137129604635,0.11354659586071647,0.6098474623889296,0.4796111986948179,-0.2534285269310573,0.1189548419259618,True
70750,13,23,20,LUIZ FERNANDO TEIXEIRA FERREIRA,ALEX SPINELLI MANENTE,MARCELO DE LIMA FERNANDES,0.23090904301556778,0.2653085659960775,0.28638650552092587,0.8116253953709816,-0.8126197385544186,0.6001515910683447,True
70777,,22,20,,ANACLETO CAMPANELLA JUNIOR,FABIO CONSTANTINO PALACIO,,0.5961093915292089,0.2774948086040042,,0.4765185055501622,-0.5850459427409728,False
71072,50,28,15,GUILHERME CASTRO BOULOS,PABLO HENRIQUE COSTA MARÇAL,RICARDO LUIS REIS NUNES,0.2907369737132658,0.28143061827442595,0.2948312266504241,0.8334390121280082,-0.5724555948074027,-0.307671922167788,True
71510,20,22,,GERICE REGO LIONE,PEDRO CHARLES SHIRAKAWA ISHI,,0.10424413800227249,0.8029000103295114,,-0.0065839376244108,-0.6121111936944188,,False
71579,45,44,20,FERNANDO FERNANDES FILHO,DANIEL PLANA BOGALHO,JOSE APRIGIO DA SILVA,0.19927070070063396,0.4898371409334231,0.25929456625357483,0.0956897488570202,0.8943563845721567,-0.8719384274239673,True
72737,20,22,,PITER APARECIDO DOS SANTOS,LARISSA MAGALHÃES CANAVEZ SANTOS,,0.572231985940246,0.4078926346061671,,0.7273737498672711,-0.731093704003159,,False
